,2011-2012/2019-2021,year,month,day,tp
0,2011-2012,2011,1,1,0.02301371
1,2011-2012,2011,1,2,0.006467187
2,2011-2012,2011,1,3,0.0002430830000006394
3,2011-2012,2011,1,4,8.50000000005282e-05
4,2011-2012,2011,1,5,0.012826853
5,2011-2012,2011,1,6,0.027841465
6,2011-2012,2011,1,7,0.0013737000000006395
7,2011-2012,2011,1,8,0.0018937620000004725
8,2011-2012,2011,1,9,0.042827777
9,2011-2012,2011,1,10,0.00287731900000025
10,2011-2012,2011,1,11,0.0006724680000001668
11,2011-2012,2011,1,12,6.21500000005282e-05
12,2011-2012,2011,1,13,0.005602426000000001
13,2011-2012,2011,1,14,0.038989328000000004
14,2011-2012,2011,1,15,0.036010150000000005
15,2011-2012,2011,1,16,0.003533194000000334
16,2011-2012,2011,1,17,0.018395125
17,2011-2012,2011,1,18,0.001758074
18,2011-2012,2011,1,19,0.023364205
19,2011-2012,2011,1,20,0.0030632710000000557
20,2011-2012,2011,1,21,9.60500000006116e-05
21,2011-2012,2011,1,22,0.004878543
22,2011-2012,2011,1,23,0.0051895579999999995
23,2011-2012,2011,1,24,0.00027700100000063943
24,2011-2012,2011,1,25,6.672000000000001e-16
25,2011-2012,2011,1,26,5.6500000006394e-06
26,2011-2012,2011,1,27,0.002148383
27,2011-2012,2011,1,28,0.0018937910000000277
28,2011-2012,2011,1,29,0.002402606
29,2011-2012,2011,1,30,0.0002147680000001946
30,2011-2012,2011,1,31,5.6500000006394e-06
31,2011-2012,2011,2,32,6.672000000000001e-16
32,2011-2012,2011,2,33,6.672000000000001e-16
33,2011-2012,2011,2,34,6.672000000000001e-16
34,2011-2012,2011,2,35,6.672000000000001e-16
35,2011-2012,2011,2,36,6.672000000000001e-16
36,2011-2012,2011,2,37,0.008332675000000307
37,2011-2012,2011,2,38,0.007501643
38,2011-2012,2011,2,39,0.014522848
39,2011-2012,2011,2,40,0.035241334
40,2011-2012,2011,2,41,0.018078564999999998
41,2011-2012,2011,2,42,0.060793278
42,2011-2012,2011,2,43,0.013974423
43,2011-2012,2011,2,44,0.001102052000000139
44,2011-2012,2011,2,45,5.65000000006394e-05
45,2011-2012,2011,2,46,6.672000000000001e-16
46,2011-2012,2011,2,47,6.672000000000001e-16
47,2011-2012,2011,2,48,0.0011981260000001111
48,2011-2012,2011,2,49,0.011758531
49,2011-2012,2011,2,50,0.002759075000000139
50,2011-2012,2011,2,51,0.0003674510000006394
51,2011-2012,2011,2,52,0.0001017000000006116
52,2011-2012,2011,2,53,0.018621268
53,2011-2012,2011,2,54,0.0008423100000006393
54,2011-2012,2011,2,55,2.26500000006116e-05
55,2011-2012,2011,2,56,0.009621651
56,2011-2012,2011,2,57,0.01642787
57,2011-2012,2011,2,58,0.005319529
58,2011-2012,2011,2,59,0.069985194
59,2011-2012,2011,3,60,0.004047591000000472
60,2011-2012,2011,3,61,0.0008252860000005004
61,2011-2012,2011,3,62,0.005630429
62,2011-2012,2011,3,63,0.0010175370000004727
63,2011-2012,2011,3,64,5.6500000006394e-06
64,2011-2012,2011,3,65,0.001040519000000167
65,2011-2012,2011,3,66,0.006444553000000084
66,2011-2012,2011,3,67,0.005443868000000056
67,2011-2012,2011,3,68,0.008185579
68,2011-2012,2011,3,69,0.0040644570000000005
69,2011-2012,2011,3,70,0.004923796
70,2011-2012,2011,3,71,0.0002261230000006394
71,2011-2012,2011,3,72,7.91000000006116e-05
72,2011-2012,2011,3,73,0.06321296900000015
73,2011-2012,2011,3,74,0.009779725999999999
74,2011-2012,2011,3,75,1.13000000006394e-05
75,2011-2012,2011,3,76,6.672000000000001e-16
76,2011-2012,2011,3,77,6.672000000000001e-16
77,2011-2012,2011,3,78,0.007111603000000278
78,2011-2012,2011,3,79,0.158851695
79,2011-2012,2011,3,80,0.129840066
80,2011-2012,2011,3,81,0.06542877
81,2011-2012,2011,3,82,0.015726901
82,2011-2012,2011,3,83,0.015427268000000001
83,2011-2012,2011,3,84,0.026179437
84,2011-2012,2011,3,85,0.007840807000000055
85,2011-2012,2011,3,86,0.0003674510000006394
86,2011-2012,2011,3,87,6.672000000000001e-16
87,2011-2012,2011,3,88,9.04000000002224e-05
88,2011-2012,2011,3,89,5.6500000006394e-06
89,2011-2012,2011,3,90,2.26000000006116e-05
90,2011-2012,2011,4,91,0.009689439000000001
91,2011-2012,2011,4,92,0.048633491
92,2011-2012,2011,4,93,0.019113087
93,2011-2012,2011,4,94,0.0008480260000004726
94,2011-2012,2011,4,95,0.00024305000000033358
95,2011-2012,2011,4,96,0.001939363
96,2011-2012,2011,4,97,0.070573115
97,2011-2012,2011,4,98,0.036224976
98,2011-2012,2011,4,99,0.022419801000000027
99,2011-2012,2011,4,100,0.0032619790000001946
100,2011-2012,2011,4,101,0.042539513000000084
101,2011-2012,2011,4,102,0.042935173
102,2011-2012,2011,4,103,0.0016902720000006395
103,2011-2012,2011,4,104,0.0052745110000000555
104,2011-2012,2011,4,105,0.086723982
105,2011-2012,2011,4,106,0.062206547
106,2011-2012,2011,4,107,0.0033183610000006394
107,2011-2012,2011,4,108,0.0008817390000005003
108,2011-2012,2011,4,109,0.0015769450000000277
109,2011-2012,2011,4,110,0.038616462000000136
110,2011-2012,2011,4,111,0.08231456599999999
111,2011-2012,2011,4,112,0.003177720000000139
112,2011-2012,2011,4,113,1.70000000006394e-05
113,2011-2012,2011,4,114,6.672000000000001e-16
114,2011-2012,2011,4,115,6.672000000000001e-16
115,2011-2012,2011,4,116,6.672000000000001e-16
116,2011-2012,2011,4,117,6.672000000000001e-16
117,2011-2012,2011,4,118,6.672000000000001e-16
118,2011-2012,2011,4,119,0.0006619000000001946
119,2011-2012,2011,4,120,0.000649800000000139
120,2011-2012,2011,5,121,0.10026303900000005
121,2011-2012,2011,5,122,0.116255705
122,2011-2012,2011,5,123,0.004742939000000639
123,2011-2012,2011,5,124,6.672000000000001e-16
124,2011-2012,2011,5,125,6.672000000000001e-16
125,2011-2012,2011,5,126,6.672000000000001e-16
126,2011-2012,2011,5,127,6.672000000000001e-16
127,2011-2012,2011,5,128,0.0007238000000002779
128,2011-2012,2011,5,129,0.0002205000000005004
129,2011-2012,2011,5,130,0.228034148
130,2011-2012,2011,5,131,0.013946061
131,2011-2012,2011,5,132,0.016523964
132,2011-2012,2011,5,133,0.01978573900000025
133,2011-2012,2011,5,134,0.029808723
134,2011-2012,2011,5,135,0.040747438999999996
135,2011-2012,2011,5,136,0.0017185380000006394
136,2011-2012,2011,5,137,5.6500000006394e-06
137,2011-2012,2011,5,138,6.672000000000001e-16
138,2011-2012,2011,5,139,6.672000000000001e-16
139,2011-2012,2011,5,140,0.02051497900000039
140,2011-2012,2011,5,141,0.814287354
141,2011-2012,2011,5,142,0.064592151
142,2011-2012,2011,5,143,0.0013058410000001668
143,2011-2012,2011,5,144,0.008502250000000001
144,2011-2012,2011,5,145,0.00045224700000063943
145,2011-2012,2011,5,146,6.672000000000001e-16
146,2011-2012,2011,5,147,6.672000000000001e-16
147,2011-2012,2011,5,148,6.672000000000001e-16
148,2011-2012,2011,5,149,0.0002600360000005838
149,2011-2012,2011,5,150,0.132774013
150,2011-2012,2011,5,151,0.015484149
151,2011-2012,2011,6,152,5.09000000006394e-05
152,2011-2012,2011,6,153,6.672000000000001e-16
153,2011-2012,2011,6,154,0.00027130000000041696
154,2011-2012,2011,6,155,0.0001187000000006116
155,2011-2012,2011,6,156,0.058418987
156,2011-2012,2011,6,157,0.027598356
157,2011-2012,2011,6,158,0.0010175550000006395
158,2011-2012,2011,6,159,6.672000000000001e-16
159,2011-2012,2011,6,160,0.10138242600000003
160,2011-2012,2011,6,161,0.008298746000000167
161,2011-2012,2011,6,162,0.00208609
162,2011-2012,2011,6,163,0.0006442240000000556
163,2011-2012,2011,6,164,0.443241452
164,2011-2012,2011,6,165,0.038627546
165,2011-2012,2011,6,166,0.0002148170000006394
166,2011-2012,2011,6,167,0.10439550300000025
167,2011-2012,2011,6,168,0.427814184
168,2011-2012,2011,6,169,0.01966146800000014
169,2011-2012,2011,6,170,0.004822193000000028
170,2011-2012,2011,6,171,0.007801230000000111
171,2011-2012,2011,6,172,0.010633475000000083
172,2011-2012,2011,6,173,0.530999948
173,2011-2012,2011,6,174,0.348947993
174,2011-2012,2011,6,175,0.01380483400000064
175,2011-2012,2011,6,176,6.672000000000001e-16
176,2011-2012,2011,6,177,0.000559675000000556
177,2011-2012,2011,6,178,0.008451355
178,2011-2012,2011,6,179,0.00035614400000063943
179,2011-2012,2011,6,180,6.672000000000001e-16
180,2011-2012,2011,6,181,1.13000000006116e-05
181,2011-2012,2011,7,182,0.004330264000000084
182,2011-2012,2011,7,183,0.0002656950000006394
183,2011-2012,2011,7,184,0.000379200000000278
184,2011-2012,2011,7,185,0.0009212500000001112
185,2011-2012,2011,7,186,7.910000000063939e-05
186,2011-2012,2011,7,187,0.07581354600000012
187,2011-2012,2011,7,188,0.015234698
188,2011-2012,2011,7,189,3.39000000006394e-05
189,2011-2012,2011,7,190,6.672000000000001e-16
190,2011-2012,2011,7,191,0.0009611140000003614
191,2011-2012,2011,7,192,0.04320657
192,2011-2012,2011,7,193,0.03176463
193,2011-2012,2011,7,194,0.20543312
194,2011-2012,2011,7,195,0.013335547
195,2011-2012,2011,7,196,0.0041210620000002775
196,2011-2012,2011,7,197,0.001023478000000278
197,2011-2012,2011,7,198,0.0024590760000000834
198,2011-2012,2011,7,199,0.00014132700000063942
199,2011-2012,2011,7,200,6.672000000000001e-16
200,2011-2012,2011,7,201,6.672000000000001e-16
201,2011-2012,2011,7,202,0.036485007000000194
202,2011-2012,2011,7,203,0.056813501
203,2011-2012,2011,7,204,0.04374921700000003
204,2011-2012,2011,7,205,0.004392521000000111
205,2011-2012,2011,7,206,0.000440765000000139
206,2011-2012,2011,7,207,0.025744104000000084
207,2011-2012,2011,7,208,0.024958389000000084
208,2011-2012,2011,7,209,0.002668332000000167
209,2011-2012,2011,7,210,0.000921100000000278
210,2011-2012,2011,7,211,0.0003334000000005004
211,2011-2012,2011,7,212,0.003962833000000278
212,2011-2012,2011,8,213,0.050979521
213,2011-2012,2011,8,214,0.00752992
214,2011-2012,2011,8,215,0.027507875
215,2011-2012,2011,8,216,0.177947787
216,2011-2012,2011,8,217,0.147613363
217,2011-2012,2011,8,218,0.006337391000000028
218,2011-2012,2011,8,219,0.0014417000000000835
219,2011-2012,2011,8,220,0.0001865000000000834
220,2011-2012,2011,8,221,5.6500000006394e-06
221,2011-2012,2011,8,222,4.52000000004448e-05
222,2011-2012,2011,8,223,0.002702186000000111
223,2011-2012,2011,8,224,0.0001808990000006394
224,2011-2012,2011,8,225,6.672000000000001e-16
225,2011-2012,2011,8,226,7.9100000000278e-05
226,2011-2012,2011,8,227,0.0006384500000002502
227,2011-2012,2011,8,228,0.0001243000000002502
228,2011-2012,2011,8,229,5.6500000006394e-06
229,2011-2012,2011,8,230,6.672000000000001e-16
230,2011-2012,2011,8,231,6.672000000000001e-16
231,2011-2012,2011,8,232,6.672000000000001e-16
232,2011-2012,2011,8,233,0.00032210000000047257
233,2011-2012,2011,8,234,0.09134817600000017
234,2011-2012,2011,8,235,0.016659563999999998
235,2011-2012,2011,8,236,9.61000000006394e-05
236,2011-2012,2011,8,237,0.001599784000000278
237,2011-2012,2011,8,238,0.020051491000000223
238,2011-2012,2011,8,239,0.00356144100000025
239,2011-2012,2011,8,240,0.0002147800000003058
240,2011-2012,2011,8,241,5.6500000006394e-06
241,2011-2012,2011,8,242,6.672000000000001e-16
242,2011-2012,2011,8,243,6.672000000000001e-16
243,2011-2012,2011,9,244,6.672000000000001e-16
244,2011-2012,2011,9,245,6.672000000000001e-16
245,2011-2012,2011,9,246,0.0001751500000002224
246,2011-2012,2011,9,247,0.0007687500000002224
247,2011-2012,2011,9,248,5.65000000006394e-05
248,2011-2012,2011,9,249,0.0003509000000003058
249,2011-2012,2011,9,250,0.009174710000000055
250,2011-2012,2011,9,251,0.047169342
251,2011-2012,2011,9,252,0.102083413
252,2011-2012,2011,9,253,0.022759315999999998
253,2011-2012,2011,9,254,0.0006783700000006393
254,2011-2012,2011,9,255,0.004172163000000139
255,2011-2012,2011,9,256,0.005048181000000084
256,2011-2012,2011,9,257,0.044710193
257,2011-2012,2011,9,258,0.032866976
258,2011-2012,2011,9,259,0.0027022090000000834
259,2011-2012,2011,9,260,0.01652960600000017
260,2011-2012,2011,9,261,0.159677045
261,2011-2012,2011,9,262,0.019633163000000165
262,2011-2012,2011,9,263,0.085582058
263,2011-2012,2011,9,264,0.027225318
264,2011-2012,2011,9,265,0.043573984
265,2011-2012,2011,9,266,0.002611911000000139
266,2011-2012,2011,9,267,3.96000000006394e-05
267,2011-2012,2011,9,268,6.672000000000001e-16
268,2011-2012,2011,9,269,6.672000000000001e-16
269,2011-2012,2011,9,270,0.006834579000000472
270,2011-2012,2011,9,271,0.0479099
271,2011-2012,2011,9,272,0.01491287
272,2011-2012,2011,9,273,0.036490628
273,2011-2012,2011,10,274,0.320360339
274,2011-2012,2011,10,275,0.139082855
275,2011-2012,2011,10,276,0.031934277999999997
276,2011-2012,2011,10,277,0.0015998230000006395
277,2011-2012,2011,10,278,0.001871112000000111
278,2011-2012,2011,10,279,0.00011306200000063939
279,2011-2012,2011,10,280,6.672000000000001e-16
280,2011-2012,2011,10,281,0.0016448890000001946
281,2011-2012,2011,10,282,0.011792011
282,2011-2012,2011,10,283,0.087215798
283,2011-2012,2011,10,284,0.08965227300000003
284,2011-2012,2011,10,285,0.062653143
285,2011-2012,2011,10,286,0.161276868
286,2011-2012,2011,10,287,0.025082743000000112
287,2011-2012,2011,10,288,0.0018767660000001112
288,2011-2012,2011,10,289,5.6500000006394e-06
289,2011-2012,2011,10,290,6.672000000000001e-16
290,2011-2012,2011,10,291,0.001565902000000556
291,2011-2012,2011,10,292,0.101286328
292,2011-2012,2011,10,293,0.010435824
293,2011-2012,2011,10,294,0.01135708400000036
294,2011-2012,2011,10,295,0.129059948
295,2011-2012,2011,10,296,0.076424058
296,2011-2012,2011,10,297,0.013036023
297,2011-2012,2011,10,298,0.008762261000000417
298,2011-2012,2011,10,299,0.035495724
299,2011-2012,2011,10,300,0.17325010400000002
300,2011-2012,2011,10,301,0.01150333
301,2011-2012,2011,10,302,0.001944652000000528
302,2011-2012,2011,10,303,0.086814431
303,2011-2012,2011,10,304,0.132333072
304,2011-2012,2011,11,305,0.159275674
305,2011-2012,2011,11,306,0.325052402
306,2011-2012,2011,11,307,0.239306402
307,2011-2012,2011,11,308,0.096023307
308,2011-2012,2011,11,309,0.023997351
309,2011-2012,2011,11,310,0.309212456
310,2011-2012,2011,11,311,0.045518662
311,2011-2012,2011,11,312,0.077780798
312,2011-2012,2011,11,313,0.003940200000000639
313,2011-2012,2011,11,314,6.672000000000001e-16
314,2011-2012,2011,11,315,6.672000000000001e-16
315,2011-2012,2011,11,316,0.05386821300000008
316,2011-2012,2011,11,317,0.012323236
317,2011-2012,2011,11,318,0.07525387
318,2011-2012,2011,11,319,0.093699893
319,2011-2012,2011,11,320,0.11572996
320,2011-2012,2011,11,321,0.058673369
321,2011-2012,2011,11,322,0.005483457
322,2011-2012,2011,11,323,0.0001074090000006394
323,2011-2012,2011,11,324,8.475000000025021e-05
324,2011-2012,2011,11,325,0.005076481000000167
325,2011-2012,2011,11,326,0.0013114680000000279
326,2011-2012,2011,11,327,0.000549000000000139
327,2011-2012,2011,11,328,3.96000000005838e-05
328,2011-2012,2011,11,329,0.00119875
329,2011-2012,2011,11,330,0.0011532180000003891
330,2011-2012,2011,11,331,0.005828289000000028
331,2011-2012,2011,11,332,0.0031713590000000277
332,2011-2012,2011,11,333,0.10306709300000011
333,2011-2012,2011,11,334,0.11647616599999999
334,2011-2012,2011,12,335,0.012742057
335,2011-2012,2011,12,336,0.00019220500000063942
336,2011-2012,2011,12,337,0.010616508000000194
337,2011-2012,2011,12,338,0.026880422
338,2011-2012,2011,12,339,0.010062487
339,2011-2012,2011,12,340,0.038429674999999996
340,2011-2012,2011,12,341,0.035733153000000004
341,2011-2012,2011,12,342,0.069538604
342,2011-2012,2011,12,343,0.030786703
343,2011-2012,2011,12,344,0.020091067
344,2011-2012,2011,12,345,0.0013112690000000834
345,2011-2012,2011,12,346,2.2600000000639402e-05
346,2011-2012,2011,12,347,0.004946463000000417
347,2011-2012,2011,12,348,0.041312746
348,2011-2012,2011,12,349,0.028508516
349,2011-2012,2011,12,350,0.002125492000000028
350,2011-2012,2011,12,351,0.0013625000000000833
351,2011-2012,2011,12,352,7.350000000063939e-05
352,2011-2012,2011,12,353,0.012493326000000084
353,2011-2012,2011,12,354,0.0062013269999999995
354,2011-2012,2011,12,355,0.048972677
355,2011-2012,2011,12,356,0.00844572
356,2011-2012,2011,12,357,0.0007128200000001112
357,2011-2012,2011,12,358,0.0019220400000000558
358,2011-2012,2011,12,359,0.0001017560000006394
359,2011-2012,2011,12,360,6.672000000000001e-16
360,2011-2012,2011,12,361,6.672000000000001e-16
361,2011-2012,2011,12,362,6.672000000000001e-16
362,2011-2012,2011,12,363,6.672000000000001e-16
363,2011-2012,2011,12,364,6.672000000000001e-16
364,2011-2012,2011,12,365,6.672000000000001e-16
365,2011-2012,2012,1,1,0.009408457000000333
366,2011-2012,2012,1,2,0.051903712
367,2011-2012,2012,1,3,0.21166004600000002
368,2011-2012,2012,1,4,0.02049784
369,2011-2012,2012,1,5,0.0003295470000012765
370,2011-2012,2012,1,6,0.00011544000000105451
371,2011-2012,2012,1,7,0.00040418
372,2011-2012,2012,1,8,1.65000000012765e-05
373,2011-2012,2012,1,9,0.00016480000000038852
374,2011-2012,2012,1,10,0.005239842
375,2011-2012,2012,1,11,0.031809598
376,2011-2012,2012,1,12,0.0019690090000009436
377,2011-2012,2012,1,13,0.006969945999999999
378,2011-2012,2012,1,14,0.013412455
379,2011-2012,2012,1,15,0.026800433
380,2011-2012,2012,1,16,0.0011699620000011099
381,2011-2012,2012,1,17,0.0056929500000000004
382,2011-2012,2012,1,18,0.001054559000000999
383,2011-2012,2012,1,19,0.002355727
384,2011-2012,2012,1,20,0.003064252
385,2011-2012,2012,1,21,0.013363073999999999
386,2011-2012,2012,1,22,0.003188476
387,2011-2012,2012,1,23,0.000420140000000888
388,2011-2012,2012,1,24,0.0026941359999999998
389,2011-2012,2012,1,25,0.0001482960000012765
390,2011-2012,2012,1,26,1.332e-15
391,2011-2012,2012,1,27,1.332e-15
392,2011-2012,2012,1,28,0.0011610000000003885
393,2011-2012,2012,1,29,0.000379340000000111
394,2011-2012,2012,1,30,0.000461140000000222
395,2011-2012,2012,1,31,2.47000000012765e-05
396,2011-2012,2012,2,32,0.002529236000000888
397,2011-2012,2012,2,33,0.031488249
398,2011-2012,2012,2,34,0.0015076790000012766
399,2011-2012,2012,2,35,0.0001236400000010545
400,2011-2012,2012,2,36,0.004185229
401,2011-2012,2012,2,37,0.020209493
402,2011-2012,2012,2,38,0.0031797630000000004
403,2011-2012,2012,2,39,0.0001153000000011655
404,2011-2012,2012,2,40,0.001919927
405,2011-2012,2012,2,41,0.000930706
406,2011-2012,2012,2,42,0.0012769170000008325
407,2011-2012,2012,2,43,0.001574222
408,2011-2012,2012,2,44,0.003295526
409,2011-2012,2012,2,45,0.0013267910000000554
410,2011-2012,2012,2,46,0.005371658
411,2011-2012,2012,2,47,0.023241328999999998
412,2011-2012,2012,2,48,0.002907695
413,2011-2012,2012,2,49,0.0002471800000000555
414,2011-2012,2012,2,50,0.01637025200000083
415,2011-2012,2012,2,51,0.0028753060000010545
416,2011-2012,2012,2,52,0.001746600000000888
417,2011-2012,2012,2,53,0.001820204
418,2011-2012,2012,2,54,0.0004695400000007215
419,2011-2012,2012,2,55,0.003262761
420,2011-2012,2012,2,56,0.043697981999999996
421,2011-2012,2012,2,57,0.044093393
422,2011-2012,2012,2,58,0.02350497
423,2011-2012,2012,2,59,0.004663124000000722
424,2011-2012,2012,2,60,0.003229756
425,2011-2012,2012,3,61,0.010496062000000611
426,2011-2012,2012,3,62,0.003715685000000389
427,2011-2012,2012,3,63,0.000963983000000666
428,2011-2012,2012,3,64,0.0001731400000009435
429,2011-2012,2012,3,65,0.00014832000000083252
430,2011-2012,2012,3,66,0.039603466999999996
431,2011-2012,2012,3,67,0.045848282
432,2011-2012,2012,3,68,0.018841835
433,2011-2012,2012,3,69,0.016642143
434,2011-2012,2012,3,70,0.018322827
435,2011-2012,2012,3,71,0.00299859
436,2011-2012,2012,3,72,9.06000000012765e-05
437,2011-2012,2012,3,73,2.4720000001165504e-05
438,2011-2012,2012,3,74,0.0067475200000004995
439,2011-2012,2012,3,75,0.002586451000000111
440,2011-2012,2012,3,76,0.004267758
441,2011-2012,2012,3,77,0.0009066640000002221
442,2011-2012,2012,3,78,2.4740000001221e-05
443,2011-2012,2012,3,79,8.240000001276501e-06
444,2011-2012,2012,3,80,0.0010795090000003886
445,2011-2012,2012,3,81,0.023225107
446,2011-2012,2012,3,82,0.144226465
447,2011-2012,2012,3,83,0.016156445
448,2011-2012,2012,3,84,3.30000000012765e-05
449,2011-2012,2012,3,85,0.0003378000000010545
450,2011-2012,2012,3,86,9.89000000012765e-05
451,2011-2012,2012,3,87,0.04072385400000017
452,2011-2012,2012,3,88,0.077287101
453,2011-2012,2012,3,89,0.06583533100000005
454,2011-2012,2012,3,90,0.054490662999999995
455,2011-2012,2012,3,91,0.004342504000000111
456,2011-2012,2012,4,92,9.89000000012765e-05
457,2011-2012,2012,4,93,1.332e-15
458,2011-2012,2012,4,94,0.08103570000000078
459,2011-2012,2012,4,95,0.01579396800000017
460,2011-2012,2012,4,96,0.005289291000000111
461,2011-2012,2012,4,97,0.0005602310000012765
462,2011-2012,2012,4,98,0.0015077450000001665
463,2011-2012,2012,4,99,0.00014006200000111
464,2011-2012,2012,4,100,0.014450881000000387
465,2011-2012,2012,4,101,0.004489661000000166
466,2011-2012,2012,4,102,0.02257396700000089
467,2011-2012,2012,4,103,0.149820479
468,2011-2012,2012,4,104,0.007744394
469,2011-2012,2012,4,105,0.006582732000000777
470,2011-2012,2012,4,106,0.005849481000000222
471,2011-2012,2012,4,107,0.014145835000000165
472,2011-2012,2012,4,108,0.016872824000000723
473,2011-2012,2012,4,109,0.019674024000000668
474,2011-2012,2012,4,110,0.110917412
475,2011-2012,2012,4,111,0.024361812000000056
476,2011-2012,2012,4,112,0.0004943210000012766
477,2011-2012,2012,4,113,0.0037074080000011654
478,2011-2012,2012,4,114,0.069748704
479,2011-2012,2012,4,115,0.017548339
480,2011-2012,2012,4,116,0.002892819
481,2011-2012,2012,4,117,3.30000000012765e-05
482,2011-2012,2012,4,118,0.048616430000000946
483,2011-2012,2012,4,119,0.231844828
484,2011-2012,2012,4,120,0.025589385000000055
485,2011-2012,2012,4,121,0.11463306200000001
486,2011-2012,2012,5,122,0.07180839500000005
487,2011-2012,2012,5,123,0.016864615
488,2011-2012,2012,5,124,0.018553513
489,2011-2012,2012,5,125,0.003122481000000222
490,2011-2012,2012,5,126,0.0067886720000000554
491,2011-2012,2012,5,127,0.034281115000000056
492,2011-2012,2012,5,128,0.018083952
493,2011-2012,2012,5,129,0.019451503
494,2011-2012,2012,5,130,0.060084724
495,2011-2012,2012,5,131,0.016831637
496,2011-2012,2012,5,132,0.375725215
497,2011-2012,2012,5,133,0.174824881
498,2011-2012,2012,5,134,0.100289467
499,2011-2012,2012,5,135,0.020102843000000002
500,2011-2012,2012,5,136,0.001450031000000333
501,2011-2012,2012,5,137,0.0014664580000009436
502,2011-2012,2012,5,138,0.006986357
503,2011-2012,2012,5,139,0.075565218
504,2011-2012,2012,5,140,0.0031636550000012763
505,2011-2012,2012,5,141,0.001532305000000333
506,2011-2012,2012,5,142,0.29003465300000003
507,2011-2012,2012,5,143,0.150388951
508,2011-2012,2012,5,144,0.044686640000000055
509,2011-2012,2012,5,145,0.059376202
510,2011-2012,2012,5,146,0.060653197
511,2011-2012,2012,5,147,0.005033824000000167
512,2011-2012,2012,5,148,0.007604320000000721
513,2011-2012,2012,5,149,0.158874927
514,2011-2012,2012,5,150,0.106171928
515,2011-2012,2012,5,151,0.004004002000001165
516,2011-2012,2012,5,152,0.022376268
517,2011-2012,2012,6,153,0.00930966
518,2011-2012,2012,6,154,0.020473093000000168
519,2011-2012,2012,6,155,0.169824007
520,2011-2012,2012,6,156,0.025441061
521,2011-2012,2012,6,157,0.011179901
522,2011-2012,2012,6,158,0.003575645
523,2011-2012,2012,6,159,0.001565598
524,2011-2012,2012,6,160,0.005042052000000389
525,2011-2012,2012,6,161,0.018990200999999998
526,2011-2012,2012,6,162,0.197720191
527,2011-2012,2012,6,163,0.013462
528,2011-2012,2012,6,164,0.005437548
529,2011-2012,2012,6,165,0.0015244030000002222
530,2011-2012,2012,6,166,0.0007659150000001665
531,2011-2012,2012,6,167,0.02321660200000028
532,2011-2012,2012,6,168,0.0236120720000005
533,2011-2012,2012,6,169,0.010034718000000277
534,2011-2012,2012,6,170,0.040023532000000056
535,2011-2012,2012,6,171,0.003813784000000111
536,2011-2012,2012,6,172,0.0006508990000002775
537,2011-2012,2012,6,173,0.041531168
538,2011-2012,2012,6,174,0.011113865
539,2011-2012,2012,6,175,0.012382782
540,2011-2012,2012,6,176,0.004514801000000388
541,2011-2012,2012,6,177,0.19957395000000006
542,2011-2012,2012,6,178,0.132799357
543,2011-2012,2012,6,179,0.085385723
544,2011-2012,2012,6,180,0.11190602999999999
545,2011-2012,2012,6,181,0.24784441600000007
546,2011-2012,2012,6,182,0.206790985
547,2011-2012,2012,7,183,0.035846482000000277
548,2011-2012,2012,7,184,0.0020020250000002218
549,2011-2012,2012,7,185,0.008831895000000221
550,2011-2012,2012,7,186,0.063923956
551,2011-2012,2012,7,187,0.0035426410000009992
552,2011-2012,2012,7,188,0.001688480000000111
553,2011-2012,2012,7,189,0.0011366800000001665
554,2011-2012,2012,7,190,0.0005686400000002776
555,2011-2012,2012,7,191,0.002776707000000222
556,2011-2012,2012,7,192,0.086555642
557,2011-2012,2012,7,193,0.033712648
558,2011-2012,2012,7,194,0.324933722
559,2011-2012,2012,7,195,0.031307034
560,2011-2012,2012,7,196,0.006186957000000222
561,2011-2012,2012,7,197,0.05419407100000005
562,2011-2012,2012,7,198,0.281351081
563,2011-2012,2012,7,199,0.1707879680000001
564,2011-2012,2012,7,200,0.183821497
565,2011-2012,2012,7,201,0.076380847
566,2011-2012,2012,7,202,0.008807112000000054
567,2011-2012,2012,7,203,0.010800980000000222
568,2011-2012,2012,7,204,0.326696729
569,2011-2012,2012,7,205,0.02981596900000028
570,2011-2012,2012,7,206,0.040089382000000055
571,2011-2012,2012,7,207,0.076660982
572,2011-2012,2012,7,208,0.01940204500000011
573,2011-2012,2012,7,209,0.024938625000000166
574,2011-2012,2012,7,210,0.007612613000000111
575,2011-2012,2012,7,211,0.009828776000000056
576,2011-2012,2012,7,212,0.0031389400000004994
577,2011-2012,2012,7,213,0.17167771800000012
578,2011-2012,2012,8,214,0.094365888
579,2011-2012,2012,8,215,0.018916065
580,2011-2012,2012,8,216,0.015315718
581,2011-2012,2012,8,217,0.0022496250000001664
582,2011-2012,2012,8,218,0.08559990200000012
583,2011-2012,2012,8,219,0.03851585
584,2011-2012,2012,8,220,0.013536209000000056
585,2011-2012,2012,8,221,0.006656870000000111
586,2011-2012,2012,8,222,0.013626781000000166
587,2011-2012,2012,8,223,0.0010133850000001664
588,2011-2012,2012,8,224,8.240000001276501e-06
589,2011-2012,2012,8,225,1.332e-15
590,2011-2012,2012,8,226,0.0002722400000003885
591,2011-2012,2012,8,227,0.002175158000000222
592,2011-2012,2012,8,228,0.018215772000000057
593,2011-2012,2012,8,229,0.001128725000000222
594,2011-2012,2012,8,230,0.00032174000000022204
595,2011-2012,2012,8,231,0.002710437000000111
596,2011-2012,2012,8,232,0.001145046000000444
597,2011-2012,2012,8,233,0.14790913300000005
598,2011-2012,2012,8,234,0.057596595
599,2011-2012,2012,8,235,0.00477021800000111
600,2011-2012,2012,8,236,0.012020250000000112
601,2011-2012,2012,8,237,0.0006508640000009435
602,2011-2012,2012,8,238,0.00043667500000111
603,2011-2012,2012,8,239,0.002389441
604,2011-2012,2012,8,240,0.0002719030000001665
605,2011-2012,2012,8,241,0.0028176740000009437
606,2011-2012,2012,8,242,0.366893344
607,2011-2012,2012,8,243,0.231334027
608,2011-2012,2012,8,244,0.383420146
609,2011-2012,2012,9,245,0.441502872
610,2011-2012,2012,9,246,0.039207721
611,2011-2012,2012,9,247,0.00034640000000033303
612,2011-2012,2012,9,248,1.65000000012765e-05
613,2011-2012,2012,9,249,1.332e-15
614,2011-2012,2012,9,250,0.0010386000000002775
615,2011-2012,2012,9,251,0.000510640000000222
616,2011-2012,2012,9,252,0.052513447
617,2011-2012,2012,9,253,0.012226210000000055
618,2011-2012,2012,9,254,0.07975896300000034
619,2011-2012,2012,9,255,0.518336846
620,2011-2012,2012,9,256,0.437276424
621,2011-2012,2012,9,257,0.020671789000000055
622,2011-2012,2012,9,258,0.000824040000000111
623,2011-2012,2012,9,259,0.0020267460000010546
624,2011-2012,2012,9,260,0.030549044
625,2011-2012,2012,9,261,0.0017875230000002776
626,2011-2012,2012,9,262,0.004498298000000222
627,2011-2012,2012,9,263,0.00024716100000127646
628,2011-2012,2012,9,264,0.011707164000000334
629,2011-2012,2012,9,265,0.086489711
630,2011-2012,2012,9,266,0.004786634000000167
631,2011-2012,2012,9,267,0.013050164
632,2011-2012,2012,9,268,0.019608070000000335
633,2011-2012,2012,9,269,0.04176189700000028
634,2011-2012,2012,9,270,0.032897067
635,2011-2012,2012,9,271,0.01242392500000011
636,2011-2012,2012,9,272,0.04697698
637,2011-2012,2012,9,273,0.028522326
638,2011-2012,2012,9,274,0.043088322
639,2011-2012,2012,10,275,0.0034520730000006106
640,2011-2012,2012,10,276,0.09001586700000033
641,2011-2012,2012,10,277,0.148708255
642,2011-2012,2012,10,278,0.099935246
643,2011-2012,2012,10,279,0.055240381
644,2011-2012,2012,10,280,0.037667267000000004
645,2011-2012,2012,10,281,0.037543685
646,2011-2012,2012,10,282,0.034256451
647,2011-2012,2012,10,283,0.034684837
648,2011-2012,2012,10,284,0.039825802
649,2011-2012,2012,10,285,0.036826872
650,2011-2012,2012,10,286,0.049794608
651,2011-2012,2012,10,287,0.028967213000000002
652,2011-2012,2012,10,288,0.011732291
653,2011-2012,2012,10,289,0.060076485
654,2011-2012,2012,10,290,0.008543456
655,2011-2012,2012,10,291,0.0015576860000000555
656,2011-2012,2012,10,292,0.008271668000000832
657,2011-2012,2012,10,293,0.0014088150000012764
658,2011-2012,2012,10,294,0.0033778680000009437
659,2011-2012,2012,10,295,0.051524732
660,2011-2012,2012,10,296,0.00453133600000061
661,2011-2012,2012,10,297,0.015389952000000333
662,2011-2012,2012,10,298,0.006558077
663,2011-2012,2012,10,299,0.082164403
664,2011-2012,2012,10,300,0.006113132000000111
665,2011-2012,2012,10,301,0.017441299000000056
666,2011-2012,2012,10,302,0.021972579
667,2011-2012,2012,10,303,0.01315713700000011
668,2011-2012,2012,10,304,0.058123922
669,2011-2012,2012,10,305,0.005495489
670,2011-2012,2012,11,306,0.026800439000000002
671,2011-2012,2012,11,307,0.024477168000000722
672,2011-2012,2012,11,308,0.024394719000000002
673,2011-2012,2012,11,309,0.112227364
674,2011-2012,2012,11,310,0.087709037
675,2011-2012,2012,11,311,0.017342435
676,2011-2012,2012,11,312,0.090477209
677,2011-2012,2012,11,313,0.043813357
678,2011-2012,2012,11,314,0.005898774
679,2011-2012,2012,11,315,0.000379400000000333
680,2011-2012,2012,11,316,0.001186840000000111
681,2011-2012,2012,11,317,6.59000000012765e-05
682,2011-2012,2012,11,318,0.0012440410000010545
683,2011-2012,2012,11,319,0.043376664
684,2011-2012,2012,11,320,0.042470421
685,2011-2012,2012,11,321,0.006525024
686,2011-2012,2012,11,322,0.00012358000000127652
687,2011-2012,2012,11,323,1.6480000001221e-05
688,2011-2012,2012,11,324,0.001005103000000666
689,2011-2012,2012,11,325,0.019031386
690,2011-2012,2012,11,326,0.002891817000000777
691,2011-2012,2012,11,327,0.047636027
692,2011-2012,2012,11,328,0.021156944
693,2011-2012,2012,11,329,0.012407273000000166
694,2011-2012,2012,11,330,0.025663498
695,2011-2012,2012,11,331,0.0031307000000012765
696,2011-2012,2012,11,332,0.014450655000000832
697,2011-2012,2012,11,333,0.0027108680000003885
698,2011-2012,2012,11,334,6.596000000099901e-05
699,2011-2012,2012,11,335,0.002603736000000111
700,2011-2012,2012,12,336,0.020250686
701,2011-2012,2012,12,337,0.0009392100000012765
702,2011-2012,2012,12,338,0.00041990000000038854
703,2011-2012,2012,12,339,2.47000000012765e-05
704,2011-2012,2012,12,340,1.332e-15
705,2011-2012,2012,12,341,1.332e-15
706,2011-2012,2012,12,342,0.002677595000000999
707,2011-2012,2012,12,343,0.030532566
708,2011-2012,2012,12,344,0.054103441
709,2011-2012,2012,12,345,0.055339244
710,2011-2012,2012,12,346,0.0031471200000009435
711,2011-2012,2012,12,347,0.0006920940000008325
712,2011-2012,2012,12,348,0.001095704000000999
713,2011-2012,2012,12,349,0.007769081000000001
714,2011-2012,2012,12,350,0.0006673650000007215
715,2011-2012,2012,12,351,0.00586591500000061
716,2011-2012,2012,12,352,0.055215665
717,2011-2012,2012,12,353,0.017869706000000003
718,2011-2012,2012,12,354,0.001507672
719,2011-2012,2012,12,355,0.011773082
720,2011-2012,2012,12,356,0.005149205
721,2011-2012,2012,12,357,0.009672128
722,2011-2012,2012,12,358,0.00231557
723,2011-2012,2012,12,359,1.65000000012765e-05
724,2011-2012,2012,12,360,0.025597653000000054
725,2011-2012,2012,12,361,0.027385426
726,2011-2012,2012,12,362,0.001417082000000999
727,2011-2012,2012,12,363,0.023126034000000056
728,2011-2012,2012,12,364,0.036835163000000004
729,2011-2012,2012,12,365,0.0017054080000012766
730,2011-2012,2012,12,366,1.332e-15
731,2019-2021,2019,1,1,0.00093636
732,2019-2021,2019,1,2,5.78e-05
733,2019-2021,2019,1,3,0.0015828510000000001
734,2019-2021,2019,1,4,0.0015133590000000001
735,2019-2021,2019,1,5,0.000167532
736,2019-2021,2019,1,6,0.008335565
737,2019-2021,2019,1,7,0.001779631
738,2019-2021,2019,1,8,0.021864357
739,2019-2021,2019,1,9,0.002489892
740,2019-2021,2019,1,10,0.004240255
741,2019-2021,2019,1,11,0.00051986
742,2019-2021,2019,1,12,0.0013698
743,2019-2021,2019,1,13,0.000496882
744,2019-2021,2019,1,14,0.004817764
745,2019-2021,2019,1,15,0.024105583
746,2019-2021,2019,1,16,0.002120073
747,2019-2021,2019,1,17,6.358e-05
748,2019-2021,2019,1,18,0.00032942
749,2019-2021,2019,1,19,0.001860445
750,2019-2021,2019,1,20,0.04274653
751,2019-2021,2019,1,21,0.011530053
752,2019-2021,2019,1,22,0.000456348
753,2019-2021,2019,1,23,0.0
754,2019-2021,2019,1,24,2.312e-05
755,2019-2021,2019,1,25,0.001415298
756,2019-2021,2019,1,26,0.002067687
757,2019-2021,2019,1,27,0.003812603
758,2019-2021,2019,1,28,0.002420535
759,2019-2021,2019,1,29,0.007827507000000001
760,2019-2021,2019,1,30,0.062975961
761,2019-2021,2019,1,31,0.0061520970000000005
762,2019-2021,2019,2,32,0.000924668
763,2019-2021,2019,2,33,0.0007046600000000001
764,2019-2021,2019,2,34,0.00015010000000000002
765,2019-2021,2019,2,35,0.002189751
766,2019-2021,2019,2,36,0.000317708
767,2019-2021,2019,2,37,0.0
768,2019-2021,2019,2,38,0.0001213
769,2019-2021,2019,2,39,0.010438383
770,2019-2021,2019,2,40,0.012125001
771,2019-2021,2019,2,41,0.025977197
772,2019-2021,2019,2,42,0.00295186
773,2019-2021,2019,2,43,0.000537372
774,2019-2021,2019,2,44,0.00120718
775,2019-2021,2019,2,45,0.003073387
776,2019-2021,2019,2,46,0.0007506009999999999
777,2019-2021,2019,2,47,4.62e-05
778,2019-2021,2019,2,48,0.005938476
779,2019-2021,2019,2,49,0.000797077
780,2019-2021,2019,2,50,5.198e-05
781,2019-2021,2019,2,51,0.012494733000000001
782,2019-2021,2019,2,52,0.005973113
783,2019-2021,2019,2,53,0.020656966
784,2019-2021,2019,2,54,0.005095285
785,2019-2021,2019,2,55,0.030113114
786,2019-2021,2019,2,56,0.006267745
787,2019-2021,2019,2,57,0.009496468000000001
788,2019-2021,2019,2,58,0.016099374
789,2019-2021,2019,2,59,0.001969662
790,2019-2021,2019,3,60,0.0005665780000000001
791,2019-2021,2019,3,61,0.005568635000000001
792,2019-2021,2019,3,62,0.00036975800000000003
793,2019-2021,2019,3,63,0.03494817
794,2019-2021,2019,3,64,0.007116808
795,2019-2021,2019,3,65,0.021748823
796,2019-2021,2019,3,66,0.021165542
797,2019-2021,2019,3,67,0.012835504
798,2019-2021,2019,3,68,0.006637359000000001
799,2019-2021,2019,3,69,0.000514351
800,2019-2021,2019,3,70,0.002189315
801,2019-2021,2019,3,71,0.02259843
802,2019-2021,2019,3,72,0.040424305
803,2019-2021,2019,3,73,0.018612077
804,2019-2021,2019,3,74,0.039864016
805,2019-2021,2019,3,75,0.033504015
806,2019-2021,2019,3,76,0.00530307
807,2019-2021,2019,3,77,0.00010397999999999999
808,2019-2021,2019,3,78,0.005615115
809,2019-2021,2019,3,79,0.097848834
810,2019-2021,2019,3,80,0.029217817
811,2019-2021,2019,3,81,0.025156974
812,2019-2021,2019,3,82,0.051971646999999996
813,2019-2021,2019,3,83,0.008480194
814,2019-2021,2019,3,84,0.000231072
815,2019-2021,2019,3,85,0.000681642
816,2019-2021,2019,3,86,0.001645965
817,2019-2021,2019,3,87,0.000173301
818,2019-2021,2019,3,88,0.020350784
819,2019-2021,2019,3,89,0.455982804
820,2019-2021,2019,3,90,0.046865228
821,2019-2021,2019,4,91,0.005511352
822,2019-2021,2019,4,92,0.025133851
823,2019-2021,2019,4,93,0.015469708
824,2019-2021,2019,4,94,0.004985294
825,2019-2021,2019,4,95,0.001097339
826,2019-2021,2019,4,96,4.62e-05
827,2019-2021,2019,4,97,0.0
828,2019-2021,2019,4,98,0.008075888
829,2019-2021,2019,4,99,0.006186746
830,2019-2021,2019,4,100,0.260314063
831,2019-2021,2019,4,101,0.017584091
832,2019-2021,2019,4,102,0.00016790000000000002
833,2019-2021,2019,4,103,0.059694884000000004
834,2019-2021,2019,4,104,0.080392214
835,2019-2021,2019,4,105,0.005234437
836,2019-2021,2019,4,106,3.47e-05
837,2019-2021,2019,4,107,0.0
838,2019-2021,2019,4,108,0.0011794
839,2019-2021,2019,4,109,0.166636048
840,2019-2021,2019,4,110,0.346713794
841,2019-2021,2019,4,111,0.019715348
842,2019-2021,2019,4,112,0.0015997490000000001
843,2019-2021,2019,4,113,0.002160572
844,2019-2021,2019,4,114,0.002443643
845,2019-2021,2019,4,115,0.000127092
846,2019-2021,2019,4,116,0.00042157999999999996
847,2019-2021,2019,4,117,0.168293916
848,2019-2021,2019,4,118,0.256386014
849,2019-2021,2019,4,119,0.069203017
850,2019-2021,2019,4,120,0.08442995
851,2019-2021,2019,5,121,0.033168943
852,2019-2021,2019,5,122,0.025364953000000003
853,2019-2021,2019,5,123,0.018017067
854,2019-2021,2019,5,124,0.021309704
855,2019-2021,2019,5,125,0.074014899
856,2019-2021,2019,5,126,0.132918284
857,2019-2021,2019,5,127,0.088144362
858,2019-2021,2019,5,128,0.032493158
859,2019-2021,2019,5,129,0.009023018
860,2019-2021,2019,5,130,0.000486029
861,2019-2021,2019,5,131,0.067661188
862,2019-2021,2019,5,132,0.163533898
863,2019-2021,2019,5,133,0.03009006
864,2019-2021,2019,5,134,0.01659614
865,2019-2021,2019,5,135,0.052520464
866,2019-2021,2019,5,136,0.002842128
867,2019-2021,2019,5,137,0.015510323000000001
868,2019-2021,2019,5,138,0.125651433
869,2019-2021,2019,5,139,0.413923785
870,2019-2021,2019,5,140,0.054328429000000004
871,2019-2021,2019,5,141,0.007220727
872,2019-2021,2019,5,142,0.000317708
873,2019-2021,2019,5,143,0.005574381
874,2019-2021,2019,5,144,0.248137104
875,2019-2021,2019,5,145,0.061710906
876,2019-2021,2019,5,146,0.017191122
877,2019-2021,2019,5,147,0.19915213
878,2019-2021,2019,5,148,0.061277643
879,2019-2021,2019,5,149,0.018317426
880,2019-2021,2019,5,150,0.005869109
881,2019-2021,2019,5,151,0.003899339
882,2019-2021,2019,6,152,0.003945521
883,2019-2021,2019,6,153,0.000190631
884,2019-2021,2019,6,154,0.0
885,2019-2021,2019,6,155,0.013436245999999999
886,2019-2021,2019,6,156,0.023423977000000002
887,2019-2021,2019,6,157,0.008381916
888,2019-2021,2019,6,158,0.009658352
889,2019-2021,2019,6,159,0.151189448
890,2019-2021,2019,6,160,0.117021324
891,2019-2021,2019,6,161,0.035104116
892,2019-2021,2019,6,162,0.157410783
893,2019-2021,2019,6,163,0.068330704
894,2019-2021,2019,6,164,0.005239384000000001
895,2019-2021,2019,6,165,0.011801346
896,2019-2021,2019,6,166,0.27040565
897,2019-2021,2019,6,167,0.039378877
898,2019-2021,2019,6,168,0.136834743
899,2019-2021,2019,6,169,0.01416415
900,2019-2021,2019,6,170,0.011709273
901,2019-2021,2019,6,171,0.058400945999999995
902,2019-2021,2019,6,172,0.043324162
903,2019-2021,2019,6,173,0.109546379
904,2019-2021,2019,6,174,0.009987778999999999
905,2019-2021,2019,6,175,0.038685654
906,2019-2021,2019,6,176,0.047413947
907,2019-2021,2019,6,177,0.010317432999999999
908,2019-2021,2019,6,178,0.196720261
909,2019-2021,2019,6,179,0.068238379
910,2019-2021,2019,6,180,0.003686378
911,2019-2021,2019,6,181,6.36e-05
912,2019-2021,2019,7,182,0.0
913,2019-2021,2019,7,183,0.0
914,2019-2021,2019,7,184,0.008803488
915,2019-2021,2019,7,185,0.099645409
916,2019-2021,2019,7,186,0.0065043850000000005
917,2019-2021,2019,7,187,0.014632029
918,2019-2021,2019,7,188,0.144679293
919,2019-2021,2019,7,189,0.289901497
920,2019-2021,2019,7,190,0.023025346
921,2019-2021,2019,7,191,0.001161878
922,2019-2021,2019,7,192,0.060497819
923,2019-2021,2019,7,193,0.027456049
924,2019-2021,2019,7,194,0.012985772
925,2019-2021,2019,7,195,0.010686825
926,2019-2021,2019,7,196,0.04816492
927,2019-2021,2019,7,197,0.202277165
928,2019-2021,2019,7,198,0.079525683
929,2019-2021,2019,7,199,0.06795533100000001
930,2019-2021,2019,7,200,0.064454673
931,2019-2021,2019,7,201,0.082350431
932,2019-2021,2019,7,202,0.047009546
933,2019-2021,2019,7,203,0.15481715499999998
934,2019-2021,2019,7,204,0.061803375
935,2019-2021,2019,7,205,0.100361701
936,2019-2021,2019,7,206,0.031372499
937,2019-2021,2019,7,207,0.001508056
938,2019-2021,2019,7,208,8.669999999999999e-05
939,2019-2021,2019,7,209,0.00032878
940,2019-2021,2019,7,210,0.101672891
941,2019-2021,2019,7,211,0.153956493
942,2019-2021,2019,7,212,0.092407408
943,2019-2021,2019,8,213,0.027248147
944,2019-2021,2019,8,214,0.011368371
945,2019-2021,2019,8,215,0.061687834
946,2019-2021,2019,8,216,0.049193100000000003
947,2019-2021,2019,8,217,0.027854547
948,2019-2021,2019,8,218,0.282230315
949,2019-2021,2019,8,219,0.033960402
950,2019-2021,2019,8,220,0.024949051
951,2019-2021,2019,8,221,0.132456172
952,2019-2021,2019,8,222,0.024105639999999998
953,2019-2021,2019,8,223,0.00065276
954,2019-2021,2019,8,224,0.0
955,2019-2021,2019,8,225,0.0
956,2019-2021,2019,8,226,0.0
957,2019-2021,2019,8,227,0.0
958,2019-2021,2019,8,228,0.0
959,2019-2021,2019,8,229,0.0
960,2019-2021,2019,8,230,0.0
961,2019-2021,2019,8,231,0.0
962,2019-2021,2019,8,232,0.0
963,2019-2021,2019,8,233,0.00032338
964,2019-2021,2019,8,234,0.00048550000000000004
965,2019-2021,2019,8,235,2.89e-05
966,2019-2021,2019,8,236,0.0
967,2019-2021,2019,8,237,0.0
968,2019-2021,2019,8,238,0.0
969,2019-2021,2019,8,239,0.008225843
970,2019-2021,2019,8,240,0.232234316
971,2019-2021,2019,8,241,0.032649132
972,2019-2021,2019,8,242,0.0039455
973,2019-2021,2019,8,243,0.128435686
974,2019-2021,2019,9,244,0.007434635
975,2019-2021,2019,9,245,0.0004563
976,2019-2021,2019,9,246,0.0006184000000000001
977,2019-2021,2019,9,247,0.017393483
978,2019-2021,2019,9,248,0.128452994
979,2019-2021,2019,9,249,0.017156452
980,2019-2021,2019,9,250,0.067545259
981,2019-2021,2019,9,251,0.122867108
982,2019-2021,2019,9,252,0.141236471
983,2019-2021,2019,9,253,0.036686882
984,2019-2021,2019,9,254,0.003049912
985,2019-2021,2019,9,255,6.93e-05
986,2019-2021,2019,9,256,0.09430784
987,2019-2021,2019,9,257,0.027785245
988,2019-2021,2019,9,258,0.029997657
989,2019-2021,2019,9,259,0.00507771
990,2019-2021,2019,9,260,0.051220685
991,2019-2021,2019,9,261,0.00766594
992,2019-2021,2019,9,262,0.062300099000000005
993,2019-2021,2019,9,263,0.017855434
994,2019-2021,2019,9,264,0.0030615480000000003
995,2019-2021,2019,9,265,0.003968627
996,2019-2021,2019,9,266,0.000248461
997,2019-2021,2019,9,267,0.04114063
998,2019-2021,2019,9,268,0.004921673
999,2019-2021,2019,9,269,0.003662341
1000,2019-2021,2019,9,270,0.000594909
1001,2019-2021,2019,9,271,2.31e-05
1002,2019-2021,2019,9,272,0.0
1003,2019-2021,2019,9,273,5.198e-05
1004,2019-2021,2019,10,274,0.008260557
1005,2019-2021,2019,10,275,0.005845961
1006,2019-2021,2019,10,276,0.19911741
1007,2019-2021,2019,10,277,0.180164577
1008,2019-2021,2019,10,278,0.039251688
1009,2019-2021,2019,10,279,0.025064572
1010,2019-2021,2019,10,280,0.02051844
1011,2019-2021,2019,10,281,0.010033702
1012,2019-2021,2019,10,282,0.027987485
1013,2019-2021,2019,10,283,0.019611358
1014,2019-2021,2019,10,284,0.012535284
1015,2019-2021,2019,10,285,0.0075269099999999995
1016,2019-2021,2019,10,286,0.026710847
1017,2019-2021,2019,10,287,0.054848385
1018,2019-2021,2019,10,288,0.086203354
1019,2019-2021,2019,10,289,0.045813816
1020,2019-2021,2019,10,290,0.028998298
1021,2019-2021,2019,10,291,0.001114875
1022,2019-2021,2019,10,292,0.0030153840000000003
1023,2019-2021,2019,10,293,0.074996885
1024,2019-2021,2019,10,294,0.332601712
1025,2019-2021,2019,10,295,0.08068101400000001
1026,2019-2021,2019,10,296,0.00656216
1027,2019-2021,2019,10,297,0.057314947
1028,2019-2021,2019,10,298,0.133721188
1029,2019-2021,2019,10,299,0.162384391
1030,2019-2021,2019,10,300,0.017260386
1031,2019-2021,2019,10,301,0.002853794
1032,2019-2021,2019,10,302,0.01012631
1033,2019-2021,2019,10,303,0.0020162509999999997
1034,2019-2021,2019,10,304,0.001207463
1035,2019-2021,2019,11,305,0.071663858
1036,2019-2021,2019,11,306,0.050071151
1037,2019-2021,2019,11,307,0.002236599
1038,2019-2021,2019,11,308,0.013274588
1039,2019-2021,2019,11,309,0.018225142
1040,2019-2021,2019,11,310,0.007047583
1041,2019-2021,2019,11,311,0.000509241
1042,2019-2021,2019,11,312,8.096e-05
1043,2019-2021,2019,11,313,8.112000000000001e-05
1044,2019-2021,2019,11,314,0.00019716000000000002
1045,2019-2021,2019,11,315,0.017907358
1046,2019-2021,2019,11,316,0.028022117
1047,2019-2021,2019,11,317,0.013003025
1048,2019-2021,2019,11,318,0.000369698
1049,2019-2021,2019,11,319,0.0
1050,2019-2021,2019,11,320,0.008162246
1051,2019-2021,2019,11,321,0.123670041
1052,2019-2021,2019,11,322,0.08914365
1053,2019-2021,2019,11,323,0.008711228
1054,2019-2021,2019,11,324,0.000219509
1055,2019-2021,2019,11,325,0.0
1056,2019-2021,2019,11,326,0.002703526
1057,2019-2021,2019,11,327,0.020738284
1058,2019-2021,2019,11,328,0.166589723
1059,2019-2021,2019,11,329,0.012592987
1060,2019-2021,2019,11,330,0.009802881
1061,2019-2021,2019,11,331,0.001820358
1062,2019-2021,2019,11,332,9.818e-05
1063,2019-2021,2019,11,333,0.00022532
1064,2019-2021,2019,11,334,0.016867671
1065,2019-2021,2019,12,335,0.001397976
1066,2019-2021,2019,12,336,5.78e-06
1067,2019-2021,2019,12,337,6.358e-05
1068,2019-2021,2019,12,338,0.012448565
1069,2019-2021,2019,12,339,0.005817114
1070,2019-2021,2019,12,340,0.000196412
1071,2019-2021,2019,12,341,0.0
1072,2019-2021,2019,12,342,0.0
1073,2019-2021,2019,12,343,0.001819497
1074,2019-2021,2019,12,344,0.001907058
1075,2019-2021,2019,12,345,0.007064936
1076,2019-2021,2019,12,346,0.00193031
1077,2019-2021,2019,12,347,0.002229948
1078,2019-2021,2019,12,348,0.042353644
1079,2019-2021,2019,12,349,0.01093519
1080,2019-2021,2019,12,350,0.004269001
1081,2019-2021,2019,12,351,0.038154281
1082,2019-2021,2019,12,352,0.138660206
1083,2019-2021,2019,12,353,0.024145858000000003
1084,2019-2021,2019,12,354,0.022898365
1085,2019-2021,2019,12,355,0.026110095
1086,2019-2021,2019,12,356,0.001224637
1087,2019-2021,2019,12,357,0.0
1088,2019-2021,2019,12,358,0.000606583
1089,2019-2021,2019,12,359,0.011518592
1090,2019-2021,2019,12,360,0.050048055
1091,2019-2021,2019,12,361,0.011790076
1092,2019-2021,2019,12,362,0.07326407
1093,2019-2021,2019,12,363,0.003448616
1094,2019-2021,2019,12,364,0.000831973
1095,2019-2021,2019,12,365,0.001096879
1096,2019-2021,2020,1,1,6.6e-05
1097,2019-2021,2020,1,2,0.006619456
1098,2019-2021,2020,1,3,0.001301224
1099,2019-2021,2020,1,4,0.028835572
1100,2019-2021,2020,1,5,0.035162836
1101,2019-2021,2020,1,6,0.147440945
1102,2019-2021,2020,1,7,0.021263725
1103,2019-2021,2020,1,8,0.041999312
1104,2019-2021,2020,1,9,0.005233206
1105,2019-2021,2020,1,10,0.007637829
1106,2019-2021,2020,1,11,0.000433743
1107,2019-2021,2020,1,12,0.0
1108,2019-2021,2020,1,13,1.884e-05
1109,2019-2021,2020,1,14,0.009174925
1110,2019-2021,2020,1,15,0.0033472199999999997
1111,2019-2021,2020,1,16,0.0016031420000000001
1112,2019-2021,2020,1,17,0.0002827
1113,2019-2021,2020,1,18,0.00481837
1114,2019-2021,2020,1,19,0.008401752
1115,2019-2021,2020,1,20,0.000801522
1116,2019-2021,2020,1,21,0.013408871
1117,2019-2021,2020,1,22,0.030513994
1118,2019-2021,2020,1,23,0.013408715
1119,2019-2021,2020,1,24,0.048260509
1120,2019-2021,2020,1,25,0.057114784
1121,2019-2021,2020,1,26,0.018038799
1122,2019-2021,2020,1,27,0.001470982
1123,2019-2021,2020,1,28,0.000207404
1124,2019-2021,2020,1,29,0.00099974
1125,2019-2021,2020,1,30,0.000358274
1126,2019-2021,2020,1,31,0.017237187
1127,2019-2021,2020,2,32,0.0146911
1128,2019-2021,2020,2,33,0.034370689
1129,2019-2021,2020,2,34,0.011230587
1130,2019-2021,2020,2,35,0.0005185729999999999
1131,2019-2021,2020,2,36,0.094833254
1132,2019-2021,2020,2,37,0.018133105
1133,2019-2021,2020,2,38,0.001631185
1134,2019-2021,2020,2,39,0.00107502
1135,2019-2021,2020,2,40,0.018906303
1136,2019-2021,2020,2,41,0.004111200000000001
1137,2019-2021,2020,2,42,0.00039663999999999997
1138,2019-2021,2020,2,43,1.89e-05
1139,2019-2021,2020,2,44,0.0
1140,2019-2021,2020,2,45,0.05641668
1141,2019-2021,2020,2,46,0.144678056
1142,2019-2021,2020,2,47,0.007232487
1143,2019-2021,2020,2,48,0.0
1144,2019-2021,2020,2,49,0.003979237
1145,2019-2021,2020,2,50,0.000829789
1146,2019-2021,2020,2,51,0.020424239
1147,2019-2021,2020,2,52,0.003639635
1148,2019-2021,2020,2,53,0.000528038
1149,2019-2021,2020,2,54,0.015511593
1150,2019-2021,2020,2,55,0.007015444
1151,2019-2021,2020,2,56,0.000641053
1152,2019-2021,2020,2,57,0.027590847
1153,2019-2021,2020,2,58,0.15840746
1154,2019-2021,2020,2,59,0.028590176
1155,2019-2021,2020,2,60,0.001112897
1156,2019-2021,2020,3,61,0.0664125
1157,2019-2021,2020,3,62,0.046648146
1158,2019-2021,2020,3,63,0.027355108
1159,2019-2021,2020,3,64,0.004167851
1160,2019-2021,2020,3,65,0.00020752
1161,2019-2021,2020,3,66,0.00167792
1162,2019-2021,2020,3,67,0.0021216530000000003
1163,2019-2021,2020,3,68,0.028618722
1164,2019-2021,2020,3,69,0.003158819
1165,2019-2021,2020,3,70,0.0069212909999999996
1166,2019-2021,2020,3,71,0.016548783
1167,2019-2021,2020,3,72,0.001895338
1168,2019-2021,2020,3,73,0.00276269
1169,2019-2021,2020,3,74,0.006458888
1170,2019-2021,2020,3,75,0.001744337
1171,2019-2021,2020,3,76,0.018585614
1172,2019-2021,2020,3,77,0.007977378
1173,2019-2021,2020,3,78,0.000707209
1174,2019-2021,2020,3,79,0.0
1175,2019-2021,2020,3,80,0.0
1176,2019-2021,2020,3,81,0.00159362
1177,2019-2021,2020,3,82,0.00045339999999999996
1178,2019-2021,2020,3,83,0.01310704
1179,2019-2021,2020,3,84,0.078755796
1180,2019-2021,2020,3,85,0.01152288
1181,2019-2021,2020,3,86,0.087336768
1182,2019-2021,2020,3,87,0.093333963
1183,2019-2021,2020,3,88,0.032428209
1184,2019-2021,2020,3,89,0.022583838000000002
1185,2019-2021,2020,3,90,0.002659036
1186,2019-2021,2020,3,91,0.0001037
1187,2019-2021,2020,4,92,0.0001131
1188,2019-2021,2020,4,93,0.002423347
1189,2019-2021,2020,4,94,0.024233939
1190,2019-2021,2020,4,95,0.03241879
1191,2019-2021,2020,4,96,0.028269711
1192,2019-2021,2020,4,97,0.015388801
1193,2019-2021,2020,4,98,0.009203005
1194,2019-2021,2020,4,99,0.008269619
1195,2019-2021,2020,4,100,0.047270436
1196,2019-2021,2020,4,101,0.031230611
1197,2019-2021,2020,4,102,0.056850851
1198,2019-2021,2020,4,103,0.00493148
1199,2019-2021,2020,4,104,0.008382659
1200,2019-2021,2020,4,105,0.000433743
1201,2019-2021,2020,4,106,0.0
1202,2019-2021,2020,4,107,0.017152405
1203,2019-2021,2020,4,108,0.187667549
1204,2019-2021,2020,4,109,0.062829227
1205,2019-2021,2020,4,110,0.02998581
1206,2019-2021,2020,4,111,0.010032885
1207,2019-2021,2020,4,112,0.07810521
1208,2019-2021,2020,4,113,0.167629719
1209,2019-2021,2020,4,114,0.027364613
1210,2019-2021,2020,4,115,0.003573688
1211,2019-2021,2020,4,116,0.000141442
1212,2019-2021,2020,4,117,0.0
1213,2019-2021,2020,4,118,0.0
1214,2019-2021,2020,4,119,0.0
1215,2019-2021,2020,4,120,0.066204836
1216,2019-2021,2020,4,121,0.020933519
1217,2019-2021,2020,5,122,0.000320613
1218,2019-2021,2020,5,123,0.0
1219,2019-2021,2020,5,124,0.000264074
1220,2019-2021,2020,5,125,0.147846551
1221,2019-2021,2020,5,126,0.031871963
1222,2019-2021,2020,5,127,0.0075246720000000005
1223,2019-2021,2020,5,128,0.00859936
1224,2019-2021,2020,5,129,0.030155716
1225,2019-2021,2020,5,130,0.029090018
1226,2019-2021,2020,5,131,0.011655008
1227,2019-2021,2020,5,132,0.109175528
1228,2019-2021,2020,5,133,0.034842162
1229,2019-2021,2020,5,134,0.128619556
1230,2019-2021,2020,5,135,0.025139041
1231,2019-2021,2020,5,136,0.018605003000000002
1232,2019-2021,2020,5,137,0.022215826
1233,2019-2021,2020,5,138,0.000735492
1234,2019-2021,2020,5,139,0.0
1235,2019-2021,2020,5,140,0.05702074
1236,2019-2021,2020,5,141,0.077247027
1237,2019-2021,2020,5,142,0.091787487
1238,2019-2021,2020,5,143,0.004488468
1239,2019-2021,2020,5,144,0.00025444
1240,2019-2021,2020,5,145,0.177379878
1241,2019-2021,2020,5,146,0.054314316
1242,2019-2021,2020,5,147,0.00780767
1243,2019-2021,2020,5,148,0.027317439
1244,2019-2021,2020,5,149,0.0015940759999999998
1245,2019-2021,2020,5,150,0.00021672
1246,2019-2021,2020,5,151,0.049458131
1247,2019-2021,2020,5,152,0.316419191
1248,2019-2021,2020,6,153,0.035323239
1249,2019-2021,2020,6,154,0.12299940200000001
1250,2019-2021,2020,6,155,0.005780195
1251,2019-2021,2020,6,156,0.000207454
1252,2019-2021,2020,6,157,0.0
1253,2019-2021,2020,6,158,0.00026393900000000004
1254,2019-2021,2020,6,159,0.095200986
1255,2019-2021,2020,6,160,0.037058179
1256,2019-2021,2020,6,161,0.0070058640000000005
1257,2019-2021,2020,6,162,0.026421509
1258,2019-2021,2020,6,163,0.15394744
1259,2019-2021,2020,6,164,0.033474909
1260,2019-2021,2020,6,165,0.224282622
1261,2019-2021,2020,6,166,0.075776044
1262,2019-2021,2020,6,167,0.016407616
1263,2019-2021,2020,6,168,0.001942619
1264,2019-2021,2020,6,169,0.068100423
1265,2019-2021,2020,6,170,0.034389647
1266,2019-2021,2020,6,171,0.142028375
1267,2019-2021,2020,6,172,0.224075287
1268,2019-2021,2020,6,173,0.037011087
1269,2019-2021,2020,6,174,0.090542822
1270,2019-2021,2020,6,175,0.045158247000000006
1271,2019-2021,2020,6,176,0.004516613
1272,2019-2021,2020,6,177,0.000122577
1273,2019-2021,2020,6,178,0.1137398
1274,2019-2021,2020,6,179,0.468867482
1275,2019-2021,2020,6,180,0.044630116
1276,2019-2021,2020,6,181,0.015775531
1277,2019-2021,2020,6,182,0.179944791
1278,2019-2021,2020,7,183,0.356089592
1279,2019-2021,2020,7,184,0.023091828000000002
1280,2019-2021,2020,7,185,0.007109931
1281,2019-2021,2020,7,186,0.048336095
1282,2019-2021,2020,7,187,0.072155059
1283,2019-2021,2020,7,188,0.055936246
1284,2019-2021,2020,7,189,0.029420024
1285,2019-2021,2020,7,190,0.013521888000000001
1286,2019-2021,2020,7,191,0.025176852
1287,2019-2021,2020,7,192,0.395420431
1288,2019-2021,2020,7,193,0.157096953
1289,2019-2021,2020,7,194,0.06244254
1290,2019-2021,2020,7,195,0.012116847
1291,2019-2021,2020,7,196,0.003865706
1292,2019-2021,2020,7,197,0.078670985
1293,2019-2021,2020,7,198,0.226838095
1294,2019-2021,2020,7,199,0.138652596
1295,2019-2021,2020,7,200,0.036492468
1296,2019-2021,2020,7,201,0.002734292
1297,2019-2021,2020,7,202,0.029655788000000002
1298,2019-2021,2020,7,203,0.138115139
1299,2019-2021,2020,7,204,0.052880852
1300,2019-2021,2020,7,205,0.007270143
1301,2019-2021,2020,7,206,0.003875277
1302,2019-2021,2020,7,207,0.089911034
1303,2019-2021,2020,7,208,0.357702045
1304,2019-2021,2020,7,209,0.016643226
1305,2019-2021,2020,7,210,0.0
1306,2019-2021,2020,7,211,0.00025454899999999996
1307,2019-2021,2020,7,212,0.019594413
1308,2019-2021,2020,7,213,0.024318755
1309,2019-2021,2020,8,214,0.020961800000000003
1310,2019-2021,2020,8,215,0.008967466
1311,2019-2021,2020,8,216,0.003347371
1312,2019-2021,2020,8,217,0.000169724
1313,2019-2021,2020,8,218,0.0
1314,2019-2021,2020,8,219,0.0
1315,2019-2021,2020,8,220,0.004328035
1316,2019-2021,2020,8,221,0.137360753
1317,2019-2021,2020,8,222,0.0459691
1318,2019-2021,2020,8,223,0.005431446
1319,2019-2021,2020,8,224,0.000453034
1320,2019-2021,2020,8,225,0.020018998
1321,2019-2021,2020,8,226,0.055502383
1322,2019-2021,2020,8,227,0.003168317
1323,2019-2021,2020,8,228,9.42e-06
1324,2019-2021,2020,8,229,0.00021731999999999999
1325,2019-2021,2020,8,230,0.012503510999999998
1326,2019-2021,2020,8,231,0.001462122
1327,2019-2021,2020,8,232,0.00016962
1328,2019-2021,2020,8,233,0.018887903
1329,2019-2021,2020,8,234,0.022149934
1330,2019-2021,2020,8,235,0.002008646
1331,2019-2021,2020,8,236,0.000396277
1332,2019-2021,2020,8,237,0.115352046
1333,2019-2021,2020,8,238,0.006298959
1334,2019-2021,2020,8,239,0.0
1335,2019-2021,2020,8,240,0.0
1336,2019-2021,2020,8,241,0.0
1337,2019-2021,2020,8,242,0.0
1338,2019-2021,2020,8,243,0.0001037
1339,2019-2021,2020,8,244,0.0009423400000000001
1340,2019-2021,2020,9,245,0.010891066
1341,2019-2021,2020,9,246,0.238700567
1342,2019-2021,2020,9,247,0.060726471
1343,2019-2021,2020,9,248,0.095285832
1344,2019-2021,2020,9,249,0.123518036
1345,2019-2021,2020,9,250,0.8698702500000001
1346,2019-2021,2020,9,251,0.039811387000000004
1347,2019-2021,2020,9,252,3.77e-05
1348,2019-2021,2020,9,253,0.102678564
1349,2019-2021,2020,9,254,1.399690988
1350,2019-2021,2020,9,255,0.083611966
1351,2019-2021,2020,9,256,0.132155588
1352,2019-2021,2020,9,257,0.133984924
1353,2019-2021,2020,9,258,0.077963633
1354,2019-2021,2020,9,259,0.118209285
1355,2019-2021,2020,9,260,0.331035197
1356,2019-2021,2020,9,261,0.252213267
1357,2019-2021,2020,9,262,0.011880466
1358,2019-2021,2020,9,263,4.71e-05
1359,2019-2021,2020,9,264,0.001781874
1360,2019-2021,2020,9,265,0.131995279
1361,2019-2021,2020,9,266,0.097973318
1362,2019-2021,2020,9,267,0.060613217000000004
1363,2019-2021,2020,9,268,0.014860864000000001
1364,2019-2021,2020,9,269,0.181406381
1365,2019-2021,2020,9,270,0.035577713
1366,2019-2021,2020,9,271,0.001103252
1367,2019-2021,2020,9,272,0.014181975999999999
1368,2019-2021,2020,9,273,0.007854553
1369,2019-2021,2020,9,274,0.0031872999999999997
1370,2019-2021,2020,10,275,0.019849207
1371,2019-2021,2020,10,276,0.124602468
1372,2019-2021,2020,10,277,0.094531536
1373,2019-2021,2020,10,278,0.147082715
1374,2019-2021,2020,10,279,0.09722835
1375,2019-2021,2020,10,280,0.055794806
1376,2019-2021,2020,10,281,0.058765258
1377,2019-2021,2020,10,282,0.003441576
1378,2019-2021,2020,10,283,0.00033
1379,2019-2021,2020,10,284,0.00037742
1380,2019-2021,2020,10,285,0.006694833
1381,2019-2021,2020,10,286,0.033041092
1382,2019-2021,2020,10,287,0.010749633
1383,2019-2021,2020,10,288,0.057416680000000005
1384,2019-2021,2020,10,289,0.11864295700000001
1385,2019-2021,2020,10,290,0.058680207
1386,2019-2021,2020,10,291,0.033720107
1387,2019-2021,2020,10,292,0.002027294
1388,2019-2021,2020,10,293,0.050419926000000004
1389,2019-2021,2020,10,294,0.055012076
1390,2019-2021,2020,10,295,0.003413498
1391,2019-2021,2020,10,296,0.0
1392,2019-2021,2020,10,297,0.0
1393,2019-2021,2020,10,298,0.0
1394,2019-2021,2020,10,299,0.0
1395,2019-2021,2020,10,300,0.001084643
1396,2019-2021,2020,10,301,0.069543049
1397,2019-2021,2020,10,302,0.059689137
1398,2019-2021,2020,10,303,0.002876014
1399,2019-2021,2020,10,304,0.024705552
1400,2019-2021,2020,10,305,0.032956244
1401,2019-2021,2020,11,306,0.051032815
1402,2019-2021,2020,11,307,0.016463935
1403,2019-2021,2020,11,308,0.000603497
1404,2019-2021,2020,11,309,0.0
1405,2019-2021,2020,11,310,0.001612401
1406,2019-2021,2020,11,311,0.001338408
1407,2019-2021,2020,11,312,0.00073512
1408,2019-2021,2020,11,313,7.538e-05
1409,2019-2021,2020,11,314,0.004054575
1410,2019-2021,2020,11,315,0.000216872
1411,2019-2021,2020,11,316,0.0
1412,2019-2021,2020,11,317,0.0
1413,2019-2021,2020,11,318,0.0
1414,2019-2021,2020,11,319,0.0
1415,2019-2021,2020,11,320,0.0
1416,2019-2021,2020,11,321,7.542e-05
1417,2019-2021,2020,11,322,0.018462911
1418,2019-2021,2020,11,323,0.00225338
1419,2019-2021,2020,11,324,0.000801491
1420,2019-2021,2020,11,325,0.08348012
1421,2019-2021,2020,11,326,0.042150139
1422,2019-2021,2020,11,327,0.08011367900000001
1423,2019-2021,2020,11,328,0.016982525999999998
1424,2019-2021,2020,11,329,0.011834045999999999
1425,2019-2021,2020,11,330,0.0040826989999999995
1426,2019-2021,2020,11,331,0.001235133
1427,2019-2021,2020,11,332,0.011796286999999999
1428,2019-2021,2020,11,333,0.022913698
1429,2019-2021,2020,11,334,0.001008958
1430,2019-2021,2020,11,335,0.002998581
1431,2019-2021,2020,12,336,0.000641199
1432,2019-2021,2020,12,337,0.024337609
1433,2019-2021,2020,12,338,0.013097795
1434,2019-2021,2020,12,339,0.000414908
1435,2019-2021,2020,12,340,0.000697717
1436,2019-2021,2020,12,341,0.005308916
1437,2019-2021,2020,12,342,0.036426343
1438,2019-2021,2020,12,343,0.002357599
1439,2019-2021,2020,12,344,0.0013292
1440,2019-2021,2020,12,345,0.001669061
1441,2019-2021,2020,12,346,0.007581141
1442,2019-2021,2020,12,347,0.009344416
1443,2019-2021,2020,12,348,0.114371389
1444,2019-2021,2020,12,349,0.033239096
1445,2019-2021,2020,12,350,0.001338941
1446,2019-2021,2020,12,351,9.42e-06
1447,2019-2021,2020,12,352,0.0
1448,2019-2021,2020,12,353,0.001432885
1449,2019-2021,2020,12,354,0.010919366
1450,2019-2021,2020,12,355,0.000622362
1451,2019-2021,2020,12,356,0.0
1452,2019-2021,2020,12,357,0.0003017
1453,2019-2021,2020,12,358,0.000320372
1454,2019-2021,2020,12,359,0.000556363
1455,2019-2021,2020,12,360,0.009853847
1456,2019-2021,2020,12,361,0.006874058000000001
1457,2019-2021,2020,12,362,0.0014426769999999998
1458,2019-2021,2020,12,363,0.030287713
1459,2019-2021,2020,12,364,0.046714069
1460,2019-2021,2020,12,365,0.017755735
1461,2019-2021,2020,12,366,0.004299847
1462,2019-2021,2021,1,1,0.000156552
1463,2019-2021,2021,1,2,0.002029363
1464,2019-2021,2021,1,3,0.003028756
1465,2019-2021,2021,1,4,0.001529395
1466,2019-2021,2021,1,5,0.020003055999999998
1467,2019-2021,2021,1,6,0.003853775
1468,2019-2021,2021,1,7,0.014993379
1469,2019-2021,2021,1,8,0.002167287
1470,2019-2021,2021,1,9,0.002860199
1471,2019-2021,2021,1,10,0.016185553
1472,2019-2021,2021,1,11,0.001264498
1473,2019-2021,2021,1,12,0.0
1474,2019-2021,2021,1,13,0.0
1475,2019-2021,2021,1,14,0.0
1476,2019-2021,2021,1,15,0.0015896410000000001
1477,2019-2021,2021,1,16,0.213289231
1478,2019-2021,2021,1,17,0.033376543
1479,2019-2021,2021,1,18,0.000812888
1480,2019-2021,2021,1,19,0.000626284
1481,2019-2021,2021,1,20,0.01875057
1482,2019-2021,2021,1,21,0.007677255
1483,2019-2021,2021,1,22,0.000969794
1484,2019-2021,2021,1,23,0.000644274
1485,2019-2021,2021,1,24,0.037338618
1486,2019-2021,2021,1,25,0.012518451
1487,2019-2021,2021,1,26,0.012650979
1488,2019-2021,2021,1,27,0.004522161
1489,2019-2021,2021,1,28,0.000289007
1490,2019-2021,2021,1,29,6.02e-06
1491,2019-2021,2021,1,30,0.001426753
1492,2019-2021,2021,1,31,0.010266568
1493,2019-2021,2021,2,32,0.002619341
1494,2019-2021,2021,2,33,0.000529118
1495,2019-2021,2021,2,34,0.000921234
1496,2019-2021,2021,2,35,0.041222407
1497,2019-2021,2021,2,36,0.0043353820000000005
1498,2019-2021,2021,2,37,0.000168591
1499,2019-2021,2021,2,38,6.02e-06
1500,2019-2021,2021,2,39,0.0
1501,2019-2021,2021,2,40,7.826e-05
1502,2019-2021,2021,2,41,0.00011438
1503,2019-2021,2021,2,42,0.00174627
1504,2019-2021,2021,2,43,0.000174627
1505,2019-2021,2021,2,44,0.002197867
1506,2019-2021,2021,2,45,0.008080705
1507,2019-2021,2021,2,46,0.055198077
1508,2019-2021,2021,2,47,0.005582024
1509,2019-2021,2021,2,48,0.0005480109999999999
1510,2019-2021,2021,2,49,0.000416
1511,2019-2021,2021,2,50,0.000355278
1512,2019-2021,2021,2,51,0.000204727
1513,2019-2021,2021,2,52,0.0
1514,2019-2021,2021,2,53,0.004786998
1515,2019-2021,2021,2,54,0.006298519
1516,2019-2021,2021,2,55,0.018786729000000002
1517,2019-2021,2021,2,56,0.268740119
1518,2019-2021,2021,2,57,0.033876237
1519,2019-2021,2021,2,58,0.005479434
1520,2019-2021,2021,2,59,0.025193516
1521,2019-2021,2021,3,60,0.005672324
1522,2019-2021,2021,3,61,0.018527788
1523,2019-2021,2021,3,62,0.009357199
1524,2019-2021,2021,3,63,0.016510636
1525,2019-2021,2021,3,64,0.0038722640000000003
1526,2019-2021,2021,3,65,0.004991779
1527,2019-2021,2021,3,66,0.006966722
1528,2019-2021,2021,3,67,0.000927268
1529,2019-2021,2021,3,68,6.02e-06
1530,2019-2021,2021,3,69,0.011844088000000001
1531,2019-2021,2021,3,70,0.006545448
1532,2019-2021,2021,3,71,0.033454866
1533,2019-2021,2021,3,72,0.001715325
1534,2019-2021,2021,3,73,0.09973189
1535,2019-2021,2021,3,74,0.014662136
1536,2019-2021,2021,3,75,0.172217475
1537,2019-2021,2021,3,76,0.148222259
1538,2019-2021,2021,3,77,0.079981989
1539,2019-2021,2021,3,78,0.064808116
1540,2019-2021,2021,3,79,0.077543351
1541,2019-2021,2021,3,80,0.124901433
1542,2019-2021,2021,3,81,0.006919351
1543,2019-2021,2021,3,82,1.81e-05
1544,2019-2021,2021,3,83,1.204e-05
1545,2019-2021,2021,3,84,0.003101398
1546,2019-2021,2021,3,85,0.048947907
1547,2019-2021,2021,3,86,0.0023965090000000002
1548,2019-2021,2021,3,87,6.02e-06
1549,2019-2021,2021,3,88,0.006835196
1550,2019-2021,2021,3,89,0.019214314
1551,2019-2021,2021,3,90,0.032118089
1552,2019-2021,2021,4,91,0.135625529
1553,2019-2021,2021,4,92,0.017516256
1554,2019-2021,2021,4,93,0.007948321
1555,2019-2021,2021,4,94,0.003504327
1556,2019-2021,2021,4,95,0.000469023
1557,2019-2021,2021,4,96,0.058973376
1558,2019-2021,2021,4,97,0.01428274
1559,2019-2021,2021,4,98,0.026331512999999997
1560,2019-2021,2021,4,99,0.010386887000000001
1561,2019-2021,2021,4,100,0.009658264
1562,2019-2021,2021,4,101,0.02867978
1563,2019-2021,2021,4,102,0.022405598
1564,2019-2021,2021,4,103,0.035219099000000004
1565,2019-2021,2021,4,104,0.0065390840000000006
1566,2019-2021,2021,4,105,0.030907744
1567,2019-2021,2021,4,106,0.020695619999999998
1568,2019-2021,2021,4,107,0.063453415
1569,2019-2021,2021,4,108,0.010423123
1570,2019-2021,2021,4,109,0.016432346
1571,2019-2021,2021,4,110,0.005762702
1572,2019-2021,2021,4,111,0.00212515
1573,2019-2021,2021,4,112,0.011584984
1574,2019-2021,2021,4,113,0.39106431799999997
1575,2019-2021,2021,4,114,0.069089354
1576,2019-2021,2021,4,115,0.101869688
1577,2019-2021,2021,4,116,0.022086437
1578,2019-2021,2021,4,117,0.026957821
1579,2019-2021,2021,4,118,0.060569019
1580,2019-2021,2021,4,119,0.002480805
1581,2019-2021,2021,4,120,0.0
1582,2019-2021,2021,5,121,0.0
1583,2019-2021,2021,5,122,0.236453478
1584,2019-2021,2021,5,123,0.055354512999999994
1585,2019-2021,2021,5,124,0.067854957
1586,2019-2021,2021,5,125,0.099659924
1587,2019-2021,2021,5,126,0.076615988
1588,2019-2021,2021,5,127,0.021375938
1589,2019-2021,2021,5,128,0.000812888
1590,2019-2021,2021,5,129,0.040529921999999996
1591,2019-2021,2021,5,130,0.230064795
1592,2019-2021,2021,5,131,0.019238335
1593,2019-2021,2021,5,132,0.010043789000000001
1594,2019-2021,2021,5,133,0.148607705
1595,2019-2021,2021,5,134,0.058317129
1596,2019-2021,2021,5,135,0.117730109
1597,2019-2021,2021,5,136,0.010724082999999999
1598,2019-2021,2021,5,137,0.043932008
1599,2019-2021,2021,5,138,0.009339415
1600,2019-2021,2021,5,139,0.00642483
1601,2019-2021,2021,5,140,0.0009393439999999999
1602,2019-2021,2021,5,141,0.000746898
1603,2019-2021,2021,5,142,0.020009105
1604,2019-2021,2021,5,143,0.016932163
1605,2019-2021,2021,5,144,0.013084657
1606,2019-2021,2021,5,145,0.075201079
1607,2019-2021,2021,5,146,0.029318203
1608,2019-2021,2021,5,147,0.001041655
1609,2019-2021,2021,5,148,0.032696186
1610,2019-2021,2021,5,149,0.003107026
1611,2019-2021,2021,5,150,0.000638277
1612,2019-2021,2021,5,151,0.0010055749999999999
1613,2019-2021,2021,6,152,0.008562465
1614,2019-2021,2021,6,153,0.038934179
1615,2019-2021,2021,6,154,0.128502337
1616,2019-2021,2021,6,155,0.005798593
1617,2019-2021,2021,6,156,0.0
1618,2019-2021,2021,6,157,0.0
1619,2019-2021,2021,6,158,0.0
1620,2019-2021,2021,6,159,0.010411056
1621,2019-2021,2021,6,160,0.23153402
1622,2019-2021,2021,6,161,0.018130512
1623,2019-2021,2021,6,162,0.008441969
1624,2019-2021,2021,6,163,0.040734778
1625,2019-2021,2021,6,164,0.004190994
1626,2019-2021,2021,6,165,0.0016980300000000001
1627,2019-2021,2021,6,166,0.0031250229999999998
1628,2019-2021,2021,6,167,0.06425413099999999
1629,2019-2021,2021,6,168,0.053253016
1630,2019-2021,2021,6,169,0.016902073
1631,2019-2021,2021,6,170,0.00289068
1632,2019-2021,2021,6,171,0.038277856
1633,2019-2021,2021,6,172,0.018262917
1634,2019-2021,2021,6,173,0.009399422000000001
1635,2019-2021,2021,6,174,0.001855024
1636,2019-2021,2021,6,175,0.035122723
1637,2019-2021,2021,6,176,0.014836785
1638,2019-2021,2021,6,177,0.0562517
1639,2019-2021,2021,6,178,0.034544664
1640,2019-2021,2021,6,179,0.160433578
1641,2019-2021,2021,6,180,0.134126222
1642,2019-2021,2021,6,181,0.124847256
1643,2019-2021,2021,7,182,0.307969363
1644,2019-2021,2021,7,183,0.106096757
1645,2019-2021,2021,7,184,0.017443874
1646,2019-2021,2021,7,185,0.107391559
1647,2019-2021,2021,7,186,0.08893583699999999
1648,2019-2021,2021,7,187,0.082739772
1649,2019-2021,2021,7,188,0.111299146
1650,2019-2021,2021,7,189,0.054589836999999995
1651,2019-2021,2021,7,190,0.005672235
1652,2019-2021,2021,7,191,0.002059604
1653,2019-2021,2021,7,192,0.065235707
1654,2019-2021,2021,7,193,0.10333297899999999
1655,2019-2021,2021,7,194,0.004630772
1656,2019-2021,2021,7,195,0.00030162
1657,2019-2021,2021,7,196,0.001174368
1658,2019-2021,2021,7,197,0.348523334
1659,2019-2021,2021,7,198,0.58539824
1660,2019-2021,2021,7,199,0.082444803
1661,2019-2021,2021,7,200,0.069962344
1662,2019-2021,2021,7,201,0.011127492
1663,2019-2021,2021,7,202,0.024525176
1664,2019-2021,2021,7,203,0.01543879
1665,2019-2021,2021,7,204,0.006611458000000001
1666,2019-2021,2021,7,205,0.009248918
1667,2019-2021,2021,7,206,0.012747292
1668,2019-2021,2021,7,207,0.008321746
1669,2019-2021,2021,7,208,0.026957785
1670,2019-2021,2021,7,209,0.053710772000000004
1671,2019-2021,2021,7,210,0.00489602
1672,2019-2021,2021,7,211,7.23e-05
1673,2019-2021,2021,7,212,0.0
1674,2019-2021,2021,8,213,0.0
1675,2019-2021,2021,8,214,0.0
1676,2019-2021,2021,8,215,0.0
1677,2019-2021,2021,8,216,0.00107132
1678,2019-2021,2021,8,217,0.045431317
1679,2019-2021,2021,8,218,0.00431713
1680,2019-2021,2021,8,219,0.157874495
1681,2019-2021,2021,8,220,0.36502191900000003
1682,2019-2021,2021,8,221,0.07396062
1683,2019-2021,2021,8,222,0.129381372
1684,2019-2021,2021,8,223,0.055824293999999997
1685,2019-2021,2021,8,224,0.359632741
1686,2019-2021,2021,8,225,0.246563348
1687,2019-2021,2021,8,226,0.062243044000000004
1688,2019-2021,2021,8,227,0.005401161
1689,2019-2021,2021,8,228,0.006557361
1690,2019-2021,2021,8,229,0.085503496
1691,2019-2021,2021,8,230,0.026132785
1692,2019-2021,2021,8,231,0.003144098
1693,2019-2021,2021,8,232,0.039295657
1694,2019-2021,2021,8,233,0.006021528
1695,2019-2021,2021,8,234,0.15589941499999999
1696,2019-2021,2021,8,235,0.065061047
1697,2019-2021,2021,8,236,0.0064429199999999996
1698,2019-2021,2021,8,237,0.29384923
1699,2019-2021,2021,8,238,0.229306118
1700,2019-2021,2021,8,239,0.150998133
1701,2019-2021,2021,8,240,0.184922532
1702,2019-2021,2021,8,241,0.048996062
1703,2019-2021,2021,8,242,0.007864022
1704,2019-2021,2021,8,243,0.008255415
1705,2019-2021,2021,9,244,0.017847418
1706,2019-2021,2021,9,245,0.007520789
1707,2019-2021,2021,9,246,0.000427514
1708,2019-2021,2021,9,247,0.064621448
1709,2019-2021,2021,9,248,0.071991578
1710,2019-2021,2021,9,249,0.056673287
1711,2019-2021,2021,9,250,0.004516044
1712,2019-2021,2021,9,251,0.003341898
1713,2019-2021,2021,9,252,0.005359053
1714,2019-2021,2021,9,253,0.0030349170000000003
1715,2019-2021,2021,9,254,0.24868895400000002
1716,2019-2021,2021,9,255,0.207827824
1717,2019-2021,2021,9,256,0.010543382
1718,2019-2021,2021,9,257,0.012060793
1719,2019-2021,2021,9,258,0.037326823
1720,2019-2021,2021,9,259,0.229661375
1721,2019-2021,2021,9,260,0.035399691
1722,2019-2021,2021,9,261,0.35221447100000003
1723,2019-2021,2021,9,262,0.042366528
1724,2019-2021,2021,9,263,0.000234842
1725,2019-2021,2021,9,264,0.0
1726,2019-2021,2021,9,265,0.00010836
1727,2019-2021,2021,9,266,0.00077744
1728,2019-2021,2021,9,267,0.00013852
1729,2019-2021,2021,9,268,6.02e-06
1730,2019-2021,2021,9,269,0.045202581000000006
1731,2019-2021,2021,9,270,0.0072199280000000005
1732,2019-2021,2021,9,271,0.023959008
1733,2019-2021,2021,9,272,0.001113951
1734,2019-2021,2021,9,273,0.0
1735,2019-2021,2021,10,274,0.0
